iter	Logloss
0	0.4247939436
1	0.1900935164
2	0.1192183459
3	0.0606388896
4	0.04735472264
5	0.03667263963
6	0.03251784069
7	0.03111586553
8	0.02970844528
9	0.02780492615
10	0.0267607379
11	0.02648800837
12	0.02499712262
13	0.02471111945
14	0.02433927614
15	0.024151969
16	0.02407515953
17	0.02402925943
18	0.0237047631
19	0.02363157816
20	0.02341642545
21	0.02339645495
22	0.02334573783
23	0.02334564684
24	0.02324378433
