iter	Logloss
0	0.5045909737
1	0.3578873591
2	0.2615148353
3	0.2013233808
4	0.1490965818
5	0.118800046
6	0.09454505668
7	0.0755717473
8	0.06498962344
9	0.05715833973
10	0.05065959768
11	0.04606845361
12	0.04225799218
13	0.03807782338
14	0.0357078277
15	0.03337354523
16	0.031834468
17	0.02952449619
18	0.02794543673
19	0.02665521092
