iter	Logloss
0	0.1420467971
1	0.04890331933
2	0.02669857489
